--
-- PostgreSQL database dump
--

\restrict Ey7aQdVgLFJzLbA5lzz7IAWq2FJr83Eh2FJj89xdDw1xBKsShW16l4HUtv9npcW

-- Dumped from database version 16.3
-- Dumped by pg_dump version 17.6

SET statement_timeout = 0;
SET lock_timeout = 0;
SET idle_in_transaction_session_timeout = 0;
SET transaction_timeout = 0;
SET client_encoding = 'UTF8';
SET standard_conforming_strings = on;
SELECT pg_catalog.set_config('search_path', '', false);
SET check_function_bodies = false;
SET xmloption = content;
SET client_min_messages = warning;
SET row_security = off;

--
-- Data for Name: Departments; Type: TABLE DATA; Schema: public; Owner: postgres
--

SET SESSION AUTHORIZATION DEFAULT;

ALTER TABLE public."Departments" DISABLE TRIGGER ALL;

COPY public."Departments" ("Id", "Name", "HeadEmployeeId", "CreatedAt", "UpdatedAt") FROM stdin;
381a31d9-b725-4fe3-a756-de3d7f3ea56d	SE	5140221e-1b91-41f9-bfb2-5b1e825b5e8b	2026-02-25 21:13:29.989164-08	2026-02-25 21:13:29.989165-08
1df03ec5-dd02-4b8c-a895-bae3dbd864fe	Finance	25996e6b-ea5d-41f5-84b7-7dd0adce4af4	2026-02-24 03:14:16.819051-08	2026-02-25 21:14:14.442878-08
dd91a38b-fb07-48a5-bbc1-aa1e04943253	HR	19eafbe9-33aa-4c2d-b8f8-6e79b5e3c87c	2026-02-24 03:14:16.81905-08	2026-02-25 21:46:07.447808-08
756a2e9c-1f16-4cc2-bf52-f8b42bd6cdc7	Engineering	5140221e-1b91-41f9-bfb2-5b1e825b5e8b	2026-02-24 03:14:16.818632-08	2026-02-25 22:27:43.194549-08
\.


ALTER TABLE public."Departments" ENABLE TRIGGER ALL;

--
-- Data for Name: JobPostings; Type: TABLE DATA; Schema: public; Owner: postgres
--

ALTER TABLE public."JobPostings" DISABLE TRIGGER ALL;

COPY public."JobPostings" ("Id", "Title", "DepartmentId", "Description", "Openings", "Status", "PostedOn", "CreatedAt", "UpdatedAt", "ClosedOn", "Requirements") FROM stdin;
a0dcef89-ef37-42f7-8d36-54bbbcad214a	Java Developer	756a2e9c-1f16-4cc2-bf52-f8b42bd6cdc7	Min 3 year Experiance 	3	Closed	2026-02-27 01:38:29.010237-08	2026-02-27 01:38:29.066371-08	2026-02-27 01:39:01.212915-08	2026-02-27 01:39:01.211485-08	Java Spring boot
7f90bed8-93b8-4f34-bfa7-40ba43246955	Dot Net Developer 	756a2e9c-1f16-4cc2-bf52-f8b42bd6cdc7	Dot Net Developer 5 year exp	6	Open	2026-02-27 01:41:38.745796-08	2026-02-27 01:41:38.746559-08	2026-02-27 01:41:38.746559-08	\N	dotnet angular 
\.


ALTER TABLE public."JobPostings" ENABLE TRIGGER ALL;

--
-- Data for Name: Applicants; Type: TABLE DATA; Schema: public; Owner: postgres
--

ALTER TABLE public."Applicants" DISABLE TRIGGER ALL;

COPY public."Applicants" ("Id", "JobPostingId", "Name", "Email", "Resume", "Status", "CreatedAt", "UpdatedAt", "AppliedOn", "Notes", "Phone", "ResumeFileName") FROM stdin;
ea8b53c3-27ca-438d-a721-c328e8e2084b	7f90bed8-93b8-4f34-bfa7-40ba43246955	Patel Dev	Depvpatel6685@gmail.com	D:\\HRManagement\\HRManagement\\backend\\src\\API\\uploads\\resumes\\893497de-84aa-44c1-bda7-d309f07b7394.pdf	Shortlisted	2026-02-27 01:42:14.798109-08	2026-02-27 01:42:18.44888-08	2026-02-27 01:42:14.772017-08	\N	963258741	Policy_Shruti-Family (6).pdf
\.


ALTER TABLE public."Applicants" ENABLE TRIGGER ALL;

--
-- Data for Name: Designations; Type: TABLE DATA; Schema: public; Owner: postgres
--

ALTER TABLE public."Designations" DISABLE TRIGGER ALL;

COPY public."Designations" ("Id", "Title", "DepartmentId", "Level", "CreatedAt", "UpdatedAt") FROM stdin;
1a9fabc6-92d5-4ed6-8b3a-a9bf20591c9a	Team Lead	756a2e9c-1f16-4cc2-bf52-f8b42bd6cdc7	2	2026-02-24 03:14:17.361526-08	2026-02-24 03:14:17.361526-08
3622f56b-d8aa-4771-a14e-f4cf46098c9a	Director	1df03ec5-dd02-4b8c-a895-bae3dbd864fe	3	2026-02-24 03:14:17.361527-08	2026-02-24 03:14:17.361527-08
85bf5054-8e90-457f-a345-082b177384a0	Software Engineer	756a2e9c-1f16-4cc2-bf52-f8b42bd6cdc7	1	2026-02-24 03:14:17.361526-08	2026-02-24 03:14:17.361526-08
de7d743f-c350-4dee-87af-3fce68e65a78	Accountant	1df03ec5-dd02-4b8c-a895-bae3dbd864fe	1	2026-02-24 03:14:17.361527-08	2026-02-24 03:14:17.361527-08
539da6d7-7171-4b4d-87cb-8ff58c779dce	Associate Software Engineer	756a2e9c-1f16-4cc2-bf52-f8b42bd6cdc7	1	2026-02-25 21:15:23.402272-08	2026-02-25 21:15:23.402272-08
b01be36a-1919-42db-97de-489f154ee2be	Head Hr Manager	dd91a38b-fb07-48a5-bbc1-aa1e04943253	5	2026-02-25 21:48:03.727037-08	2026-02-25 21:48:03.727038-08
3a812187-29a4-49ef-af51-39bd902e5208	Associate HR	dd91a38b-fb07-48a5-bbc1-aa1e04943253	2	2026-02-24 03:14:17.361525-08	2026-02-25 21:48:43.943412-08
\.


ALTER TABLE public."Designations" ENABLE TRIGGER ALL;

--
-- Data for Name: Roles; Type: TABLE DATA; Schema: public; Owner: postgres
--

ALTER TABLE public."Roles" DISABLE TRIGGER ALL;

COPY public."Roles" ("Id", "Name", "CreatedAt", "UpdatedAt") FROM stdin;
00000000-0000-0000-0000-000000000001	Admin	2025-12-31 16:00:00-08	\N
00000000-0000-0000-0000-000000000002	HR	2025-12-31 16:00:00-08	\N
00000000-0000-0000-0000-000000000003	Manager	2025-12-31 16:00:00-08	\N
00000000-0000-0000-0000-000000000004	Employee	2025-12-31 16:00:00-08	\N
\.


ALTER TABLE public."Roles" ENABLE TRIGGER ALL;

--
-- Data for Name: Users; Type: TABLE DATA; Schema: public; Owner: postgres
--

ALTER TABLE public."Users" DISABLE TRIGGER ALL;

COPY public."Users" ("Id", "Email", "PasswordHash", "RoleId", "IsActive", "CreatedAt", "UpdatedAt", "PasswordResetToken", "PasswordResetTokenExpiry") FROM stdin;
948779fb-dbda-4161-aa9c-382974950c4c	admin@hrms.com	$2a$11$avJXe13/J1f9QgtcdlvSUuPnuWMNenq8WoWVgRW1H0/QWqNVU.TWy	00000000-0000-0000-0000-000000000001	t	2026-02-24 03:14:18.304009-08	2026-02-24 03:14:18.304009-08	\N	\N
d5c6c5bd-1994-414c-b024-2caef4365f99	Devppatel987@gmail.com	$2a$11$ei.d6.5EbDWBT4itd0etLus/.8l9gpSyTOcsuAMUWs4cWQtB8LTV.	00000000-0000-0000-0000-000000000002	t	2026-02-24 03:17:37.291902-08	2026-02-24 03:17:37.291902-08	\N	\N
7e52f321-0f77-4eaf-a8f0-7a39d8beff14	krishpatel0987@gmail.com	$2a$11$EcYieMyCyHPLfeWT7NvbuOqY1fN6AmCN9DrFIPfUp5YvCDRyr891u	00000000-0000-0000-0000-000000000004	t	2026-02-24 20:57:35.106942-08	2026-02-24 20:57:35.106942-08	\N	\N
e894bda4-ade9-453c-8025-c014224d0994	admin111@hrms.com	$2a$11$dh2bGCMKtqRuLmf3IEKYO.h11HYfmu4FDK/cM2Q//vfgSjTJeBcbO	00000000-0000-0000-0000-000000000004	t	2026-02-25 21:30:30.876131-08	2026-02-25 21:30:30.876132-08	\N	\N
659bacf7-5936-4462-a2ca-bc0063e490ce	mitvapatel6685@gmail.com	$2a$11$8ye0au5DY1MrTXTJRxtNvOha6fLCZ/6.hzyjcn6lZz0A3VvBP5cRm	00000000-0000-0000-0000-000000000002	t	2026-02-25 21:35:38.397501-08	2026-02-25 21:35:38.397502-08	\N	\N
a71fd375-cab1-44c3-9a0a-2ff69c3a8853	parthpatel6685@gmail.com	$2a$11$Gx.xC/kr7e/em2tcjwuPn.HR9g6wbx9u69gC8t4zX9.uRa4qDG4f6	00000000-0000-0000-0000-000000000004	t	2026-02-25 21:40:07.25063-08	2026-02-25 21:40:07.25063-08	\N	\N
38c62336-1cc1-44f9-b92e-d95ce26a2b16	amishpatel@gmail.com	$2a$11$a/PTMw68zRHBjCxiiyj21.CWxb8U71iLbc26qHE8bgQ9GAZSnb066	00000000-0000-0000-0000-000000000002	t	2026-02-26 01:55:16.032294-08	2026-02-26 01:55:16.032294-08	\N	\N
\.


ALTER TABLE public."Users" ENABLE TRIGGER ALL;

--
-- Data for Name: Employees; Type: TABLE DATA; Schema: public; Owner: postgres
--

ALTER TABLE public."Employees" DISABLE TRIGGER ALL;

COPY public."Employees" ("Id", "UserId", "EmployeeCode", "FirstName", "LastName", "DOB", "Gender", "Phone", "JoinDate", "DepartmentId", "DesignationId", "ManagerId", "Status", "CreatedAt", "UpdatedAt") FROM stdin;
25996e6b-ea5d-41f5-84b7-7dd0adce4af4	7e52f321-0f77-4eaf-a8f0-7a39d8beff14	EMP-0001	Krish	PatelKADVA	2026-02-24	Male	9876543211	2026-02-24	1df03ec5-dd02-4b8c-a895-bae3dbd864fe	de7d743f-c350-4dee-87af-3fce68e65a78	5140221e-1b91-41f9-bfb2-5b1e825b5e8b	Active	2026-02-24 20:57:35.107024-08	2026-02-25 21:23:42.996368-08
f788b103-0815-49b1-be53-668fb0ad95fb	e894bda4-ade9-453c-8025-c014224d0994	EMP-0002	Patel	Ronak	2001-10-30	Male	9876543211	2026-02-23	1df03ec5-dd02-4b8c-a895-bae3dbd864fe	de7d743f-c350-4dee-87af-3fce68e65a78	5140221e-1b91-41f9-bfb2-5b1e825b5e8b	Active	2026-02-25 21:30:30.876132-08	2026-02-25 21:34:06.553432-08
19eafbe9-33aa-4c2d-b8f8-6e79b5e3c87c	659bacf7-5936-4462-a2ca-bc0063e490ce	EMP-0003	Patel	Mitva	1999-02-02	Female	987654321	2026-02-25	dd91a38b-fb07-48a5-bbc1-aa1e04943253	3a812187-29a4-49ef-af51-39bd902e5208	f788b103-0815-49b1-be53-668fb0ad95fb	Active	2026-02-25 21:35:38.397503-08	2026-02-25 21:37:23.996681-08
efd35e83-fd23-495d-b7fc-e526ff8daa7d	a71fd375-cab1-44c3-9a0a-2ff69c3a8853	EMP-0004	Patel	Parth	2003-02-02	Male	987654321	2026-02-25	756a2e9c-1f16-4cc2-bf52-f8b42bd6cdc7	85bf5054-8e90-457f-a345-082b177384a0	5140221e-1b91-41f9-bfb2-5b1e825b5e8b	Active	2026-02-25 21:40:07.250631-08	2026-02-25 21:45:34.691614-08
aed25578-5b3b-4f42-9bcd-9dc9b9ed38e4	38c62336-1cc1-44f9-b92e-d95ce26a2b16	EMP-0005	Patel	Amish	2000-10-30	Male	9876543211	2026-02-25	dd91a38b-fb07-48a5-bbc1-aa1e04943253	b01be36a-1919-42db-97de-489f154ee2be	25996e6b-ea5d-41f5-84b7-7dd0adce4af4	Active	2026-02-26 01:55:16.032295-08	2026-02-26 01:55:16.032295-08
5140221e-1b91-41f9-bfb2-5b1e825b5e8b	d5c6c5bd-1994-414c-b024-2caef4365f99	EMP20260224111737	Dev	Patel	-infinity	Male	987654321	2026-02-24	1df03ec5-dd02-4b8c-a895-bae3dbd864fe	3622f56b-d8aa-4771-a14e-f4cf46098c9a	aed25578-5b3b-4f42-9bcd-9dc9b9ed38e4	Active	2026-02-24 03:17:37.291905-08	2026-02-26 01:57:23.130666-08
\.


ALTER TABLE public."Employees" ENABLE TRIGGER ALL;

--
-- Data for Name: Assets; Type: TABLE DATA; Schema: public; Owner: postgres
--

ALTER TABLE public."Assets" DISABLE TRIGGER ALL;

COPY public."Assets" ("Id", "AssetName", "AssetCode", "Category", "AssignedToEmployeeId", "AssignedDate", "Status", "CreatedAt", "UpdatedAt", "ReturnDate") FROM stdin;
b0b3793f-cac8-4b12-9a07-6f6cca9af69c	Dell Laptop 15	LAP-01	Laptop	5140221e-1b91-41f9-bfb2-5b1e825b5e8b	2026-03-01 21:12:00.333229-08	Assigned	2026-03-01 21:11:54.434168-08	2026-03-01 21:12:00.356118-08	\N
eb10280b-d1a4-4dc2-a21c-72f75237377b	Hp Laptop	LAP-03	Laptop	\N	\N	Available	2026-03-01 21:13:40.219757-08	2026-03-01 21:13:40.219757-08	\N
f65d2ee5-0f04-4280-9d11-e91788007dee	Asus Pc	LAP-02	Desktop	\N	\N	Available	2026-03-01 21:12:30.672086-08	2026-03-01 21:19:36.182473-08	\N
\.


ALTER TABLE public."Assets" ENABLE TRIGGER ALL;

--
-- Data for Name: Attendances; Type: TABLE DATA; Schema: public; Owner: postgres
--

ALTER TABLE public."Attendances" DISABLE TRIGGER ALL;

COPY public."Attendances" ("Id", "EmployeeId", "Date", "CheckIn", "CheckOut", "Status", "CreatedAt", "UpdatedAt", "WorkHours") FROM stdin;
312dba5e-5ab8-4faa-9ca4-3dc52642ac61	5140221e-1b91-41f9-bfb2-5b1e825b5e8b	2026-02-26	15:09:10.068985	15:09:30.466041	HalfDay	2026-02-26 01:39:10.1158-08	2026-02-26 01:39:30.467893-08	0.01
4040575f-c3bf-4c44-8a59-e5d1d10c81ad	aed25578-5b3b-4f42-9bcd-9dc9b9ed38e4	2026-02-26	15:53:14.423443	\N	Late	2026-02-26 02:23:14.433451-08	2026-02-26 02:23:14.433451-08	\N
fa184e39-d0ff-4659-9105-a5a82fac818d	5140221e-1b91-41f9-bfb2-5b1e825b5e8b	2026-02-27	10:19:03.51896	11:33:09.087717	HalfDay	2026-02-26 20:49:03.531279-08	2026-02-26 22:03:09.08845-08	1.16
7037f65e-8bc7-4ec2-b1e5-62a3051f2aec	aed25578-5b3b-4f42-9bcd-9dc9b9ed38e4	2026-02-27	11:44:38.071193	\N	Late	2026-02-26 22:14:38.081272-08	2026-02-26 22:14:38.081272-08	\N
2a28de6e-9dd4-4414-9f30-aa19740ea3ce	5140221e-1b91-41f9-bfb2-5b1e825b5e8b	2026-03-02	09:53:05.991425	\N	Late	2026-03-01 20:23:06.036275-08	2026-03-01 20:23:06.036276-08	\N
be219a35-2c40-4727-b1e1-5e4c8b67e08e	5140221e-1b91-41f9-bfb2-5b1e825b5e8b	2026-03-03	09:41:14.434961	\N	Late	2026-03-02 20:11:14.44753-08	2026-03-02 20:11:14.447531-08	\N
\.


ALTER TABLE public."Attendances" ENABLE TRIGGER ALL;

--
-- Data for Name: AttendanceBreaks; Type: TABLE DATA; Schema: public; Owner: postgres
--

ALTER TABLE public."AttendanceBreaks" DISABLE TRIGGER ALL;

COPY public."AttendanceBreaks" ("Id", "AttendanceId", "BreakStart", "BreakEnd", "CreatedAt", "UpdatedAt") FROM stdin;
5cb5382c-1d03-4d4a-9977-80bd09fa20a4	fa184e39-d0ff-4659-9105-a5a82fac818d	11:24:40.924451	11:25:16.370469	2026-02-26 21:54:40.947883-08	2026-02-26 21:55:16.371194-08
bc54ef92-c3f5-48a1-8810-2136711ac537	fa184e39-d0ff-4659-9105-a5a82fac818d	11:26:11.14572	11:29:47.581764	2026-02-26 21:56:11.146548-08	2026-02-26 21:59:47.660614-08
01980930-5903-48e3-b96e-933562c45194	fa184e39-d0ff-4659-9105-a5a82fac818d	11:30:00.367116	11:30:03.971041	2026-02-26 22:00:00.373588-08	2026-02-26 22:00:03.971257-08
b8263380-6635-404e-a894-133466b4dcce	7037f65e-8bc7-4ec2-b1e5-62a3051f2aec	11:44:51.171834	11:45:10.645839	2026-02-26 22:14:51.176981-08	2026-02-26 22:15:10.646885-08
c009f671-fe44-4417-b9d4-c47066a723d8	2a28de6e-9dd4-4414-9f30-aa19740ea3ce	14:54:25.987677	14:55:02.182318	2026-03-02 01:24:26.009614-08	2026-03-02 01:25:02.182875-08
\.


ALTER TABLE public."AttendanceBreaks" ENABLE TRIGGER ALL;

--
-- Data for Name: Documents; Type: TABLE DATA; Schema: public; Owner: postgres
--

ALTER TABLE public."Documents" DISABLE TRIGGER ALL;

COPY public."Documents" ("Id", "EmployeeId", "DocType", "FileName", "FilePath", "UploadedOn", "CreatedAt", "UpdatedAt") FROM stdin;
\.


ALTER TABLE public."Documents" ENABLE TRIGGER ALL;

--
-- Data for Name: Trainings; Type: TABLE DATA; Schema: public; Owner: postgres
--

ALTER TABLE public."Trainings" DISABLE TRIGGER ALL;

COPY public."Trainings" ("Id", "Title", "Description", "StartDate", "EndDate", "Trainer", "CreatedAt", "UpdatedAt", "MaxParticipants") FROM stdin;
17c0bba9-a652-4689-a306-908df4d13578	Azure Training	Dev Ops Training	2025-10-29 17:00:00-07	2026-10-29 17:00:00-07	Azure Expert 	2026-03-03 00:55:58.076173-08	2026-03-03 00:55:58.076174-08	80
bf7e0bc5-92a7-4bac-963e-cd6e34805e6c	Angular Training	FE basic to Advanced 	2026-03-03 16:00:00-08	2026-03-26 17:00:00-07	Fe expert	2026-03-03 01:01:46.695317-08	2026-03-03 01:01:46.695318-08	1
\.


ALTER TABLE public."Trainings" ENABLE TRIGGER ALL;

--
-- Data for Name: EmployeeTrainings; Type: TABLE DATA; Schema: public; Owner: postgres
--

ALTER TABLE public."EmployeeTrainings" DISABLE TRIGGER ALL;

COPY public."EmployeeTrainings" ("Id", "EmployeeId", "TrainingId", "Status", "CompletionDate", "CreatedAt", "UpdatedAt", "Score") FROM stdin;
ee12e1c5-7acf-4fc6-a1de-631f489ac8b9	5140221e-1b91-41f9-bfb2-5b1e825b5e8b	17c0bba9-a652-4689-a306-908df4d13578	Enrolled	\N	2026-03-03 00:56:17.346129-08	2026-03-03 00:56:17.34613-08	\N
57a03c46-aa89-4612-bdbd-466a78dbb3f6	efd35e83-fd23-495d-b7fc-e526ff8daa7d	17c0bba9-a652-4689-a306-908df4d13578	Enrolled	\N	2026-03-03 00:58:08.377785-08	2026-03-03 00:58:08.377785-08	\N
78df6862-35ba-48ba-9463-22c3ee2ef2bd	25996e6b-ea5d-41f5-84b7-7dd0adce4af4	17c0bba9-a652-4689-a306-908df4d13578	Enrolled	\N	2026-03-03 00:58:08.377785-08	2026-03-03 00:58:08.377785-08	\N
8547b717-f864-4b51-80dc-7f3538134ad9	aed25578-5b3b-4f42-9bcd-9dc9b9ed38e4	17c0bba9-a652-4689-a306-908df4d13578	Enrolled	\N	2026-03-03 00:58:08.377784-08	2026-03-03 00:58:08.377784-08	\N
dab76a37-6340-4d19-af1f-a0c116a68ded	19eafbe9-33aa-4c2d-b8f8-6e79b5e3c87c	17c0bba9-a652-4689-a306-908df4d13578	Enrolled	\N	2026-03-03 00:58:08.377783-08	2026-03-03 00:58:08.377783-08	\N
\.


ALTER TABLE public."EmployeeTrainings" ENABLE TRIGGER ALL;

--
-- Data for Name: LeaveTypes; Type: TABLE DATA; Schema: public; Owner: postgres
--

ALTER TABLE public."LeaveTypes" DISABLE TRIGGER ALL;

COPY public."LeaveTypes" ("Id", "Name", "MaxDaysPerYear", "CreatedAt", "UpdatedAt") FROM stdin;
922fc078-157c-48ee-95fb-ec8620bb793a	Annual	15	2026-02-24 03:14:17.511323-08	2026-02-24 03:14:17.511323-08
9c0b7808-e989-4b16-a9ba-d082ded38ff6	Sick	10	2026-02-24 03:14:17.511323-08	2026-02-24 03:14:17.511323-08
e4107fec-138a-4e7e-a8e8-baa5d23d1da5	Casual	7	2026-02-24 03:14:17.511322-08	2026-02-24 03:14:17.511322-08
\.


ALTER TABLE public."LeaveTypes" ENABLE TRIGGER ALL;

--
-- Data for Name: LeaveBalances; Type: TABLE DATA; Schema: public; Owner: postgres
--

ALTER TABLE public."LeaveBalances" DISABLE TRIGGER ALL;

COPY public."LeaveBalances" ("Id", "EmployeeId", "LeaveTypeId", "Year", "TotalDays", "UsedDays", "CreatedAt", "UpdatedAt") FROM stdin;
069e47aa-8246-40df-bd50-3b3f3764f0ef	efd35e83-fd23-495d-b7fc-e526ff8daa7d	9c0b7808-e989-4b16-a9ba-d082ded38ff6	2026	10	0	2026-02-26 01:48:51.23043-08	2026-02-26 01:48:51.23043-08
19272758-37c0-4027-9173-2c3750e03d39	f788b103-0815-49b1-be53-668fb0ad95fb	9c0b7808-e989-4b16-a9ba-d082ded38ff6	2026	10	0	2026-02-26 01:48:51.230426-08	2026-02-26 01:48:51.230426-08
22f555e6-67ee-4800-bfab-fb25a0bc26a7	19eafbe9-33aa-4c2d-b8f8-6e79b5e3c87c	922fc078-157c-48ee-95fb-ec8620bb793a	2026	15	0	2026-02-26 01:48:51.230429-08	2026-02-26 01:48:51.230429-08
2dba6ac9-5a12-47d7-ba89-88bfffcb9430	25996e6b-ea5d-41f5-84b7-7dd0adce4af4	e4107fec-138a-4e7e-a8e8-baa5d23d1da5	2026	7	0	2026-02-26 01:48:51.230425-08	2026-02-26 01:48:51.230425-08
3a7bad77-931d-4bb6-8b02-bef15a03cbbb	efd35e83-fd23-495d-b7fc-e526ff8daa7d	e4107fec-138a-4e7e-a8e8-baa5d23d1da5	2026	7	0	2026-02-26 01:48:51.230431-08	2026-02-26 01:48:51.230431-08
3bc1827f-39e8-49b8-95b1-b9031f2aae71	5140221e-1b91-41f9-bfb2-5b1e825b5e8b	e4107fec-138a-4e7e-a8e8-baa5d23d1da5	2026	7	0	2026-02-26 01:48:51.230428-08	2026-02-26 01:48:51.230428-08
462b637d-fdc0-42fd-88fd-e11aca43c9ce	19eafbe9-33aa-4c2d-b8f8-6e79b5e3c87c	e4107fec-138a-4e7e-a8e8-baa5d23d1da5	2026	7	0	2026-02-26 01:48:51.23043-08	2026-02-26 01:48:51.23043-08
5afef934-7b2c-4229-b504-77a1743180f1	25996e6b-ea5d-41f5-84b7-7dd0adce4af4	922fc078-157c-48ee-95fb-ec8620bb793a	2026	15	0	2026-02-26 01:48:51.230372-08	2026-02-26 01:48:51.230372-08
680c8159-20de-4a09-836d-2df064d68ee6	f788b103-0815-49b1-be53-668fb0ad95fb	922fc078-157c-48ee-95fb-ec8620bb793a	2026	15	0	2026-02-26 01:48:51.230425-08	2026-02-26 01:48:51.230425-08
8ec3072a-27b6-48d8-ad7f-e4db59606ff8	25996e6b-ea5d-41f5-84b7-7dd0adce4af4	9c0b7808-e989-4b16-a9ba-d082ded38ff6	2026	10	0	2026-02-26 01:48:51.230424-08	2026-02-26 01:48:51.230424-08
9ebd3be0-fb4f-43c5-87cb-ce2b070b01b1	f788b103-0815-49b1-be53-668fb0ad95fb	e4107fec-138a-4e7e-a8e8-baa5d23d1da5	2026	7	0	2026-02-26 01:48:51.230426-08	2026-02-26 01:48:51.230426-08
b7efc788-8839-4605-82da-c692478419f9	efd35e83-fd23-495d-b7fc-e526ff8daa7d	922fc078-157c-48ee-95fb-ec8620bb793a	2026	15	0	2026-02-26 01:48:51.23043-08	2026-02-26 01:48:51.23043-08
da93cd56-0a1f-48b5-9a44-4e8c7bd8e39e	5140221e-1b91-41f9-bfb2-5b1e825b5e8b	922fc078-157c-48ee-95fb-ec8620bb793a	2026	15	0	2026-02-26 01:48:51.230427-08	2026-02-26 01:48:51.230427-08
eca3259e-8e7d-4796-b409-06779002574c	19eafbe9-33aa-4c2d-b8f8-6e79b5e3c87c	9c0b7808-e989-4b16-a9ba-d082ded38ff6	2026	10	0	2026-02-26 01:48:51.230429-08	2026-02-26 01:48:51.230429-08
eec0ad3a-6e78-4f47-b8f1-8412e1166340	aed25578-5b3b-4f42-9bcd-9dc9b9ed38e4	922fc078-157c-48ee-95fb-ec8620bb793a	2026	15	0	2026-02-26 01:55:16.062947-08	2026-02-26 01:55:16.062947-08
f8a692d8-fd5a-487c-898a-7d4c383e3e83	aed25578-5b3b-4f42-9bcd-9dc9b9ed38e4	e4107fec-138a-4e7e-a8e8-baa5d23d1da5	2026	7	0	2026-02-26 01:55:16.062947-08	2026-02-26 01:55:16.062947-08
79f6ba3c-d503-4178-b4b5-913716fcf652	5140221e-1b91-41f9-bfb2-5b1e825b5e8b	9c0b7808-e989-4b16-a9ba-d082ded38ff6	2026	10	1	2026-02-26 01:48:51.230428-08	2026-02-26 02:18:34.725333-08
c4b5fdb7-00b4-40bb-a346-f0561581584a	aed25578-5b3b-4f42-9bcd-9dc9b9ed38e4	9c0b7808-e989-4b16-a9ba-d082ded38ff6	2026	10	2	2026-02-26 01:55:16.062946-08	2026-02-26 02:30:17.405186-08
\.


ALTER TABLE public."LeaveBalances" ENABLE TRIGGER ALL;

--
-- Data for Name: LeaveRequests; Type: TABLE DATA; Schema: public; Owner: postgres
--

ALTER TABLE public."LeaveRequests" DISABLE TRIGGER ALL;

COPY public."LeaveRequests" ("Id", "EmployeeId", "LeaveTypeId", "FromDate", "ToDate", "Reason", "Status", "ApprovedById", "CreatedAt", "UpdatedAt", "ApprovedAt", "TotalDays", "RejectionReason", "AlternativePhone", "AvailableOnPhone") FROM stdin;
9372f5e7-9eac-495b-80ab-39ccb912ffc7	5140221e-1b91-41f9-bfb2-5b1e825b5e8b	922fc078-157c-48ee-95fb-ec8620bb793a	2026-02-27	2026-02-28	Fever	Rejected	aed25578-5b3b-4f42-9bcd-9dc9b9ed38e4	2026-02-26 01:50:12.424365-08	2026-02-26 02:18:29.675782-08	2026-02-26 02:18:29.652265-08	2	1 day will approve	\N	f
29ab860b-840c-4b1d-826b-c3440e7ccad0	5140221e-1b91-41f9-bfb2-5b1e825b5e8b	9c0b7808-e989-4b16-a9ba-d082ded38ff6	2026-02-26	2026-02-26	Leave	Approved	aed25578-5b3b-4f42-9bcd-9dc9b9ed38e4	2026-02-26 01:58:18.754671-08	2026-02-26 02:18:34.725333-08	2026-02-26 02:18:34.720229-08	1	\N	\N	f
102bd7ff-9aef-436e-952b-be6a390eb653	aed25578-5b3b-4f42-9bcd-9dc9b9ed38e4	9c0b7808-e989-4b16-a9ba-d082ded38ff6	2026-02-27	2026-02-28	Hospitality 	Approved	5140221e-1b91-41f9-bfb2-5b1e825b5e8b	2026-02-26 02:28:01.083091-08	2026-02-26 02:30:17.405184-08	2026-02-26 02:30:17.404963-08	2	\N	\N	f
\.


ALTER TABLE public."LeaveRequests" ENABLE TRIGGER ALL;

--
-- Data for Name: Payrolls; Type: TABLE DATA; Schema: public; Owner: postgres
--

ALTER TABLE public."Payrolls" DISABLE TRIGGER ALL;

COPY public."Payrolls" ("Id", "EmployeeId", "Month", "Year", "BasicSalary", "HRA", "Allowances", "Deductions", "NetSalary", "PaidOn", "CreatedAt", "UpdatedAt", "Status") FROM stdin;
80cfae89-22ad-4dfd-954d-66e56f95b686	f788b103-0815-49b1-be53-668fb0ad95fb	1	2026	7865.00	0.00	0.00	0.00	7865.00	\N	2026-02-27 00:36:45.926868-08	2026-02-27 00:36:45.926868-08	Generated
e8f70b47-b431-4235-9974-03fde1f91736	25996e6b-ea5d-41f5-84b7-7dd0adce4af4	1	2026	8000.00	0.00	0.00	0.00	8000.00	\N	2026-02-27 00:36:45.926865-08	2026-02-27 00:36:45.926866-08	Generated
35b43fd9-0c93-42df-acdd-b0f06e8d4bd6	aed25578-5b3b-4f42-9bcd-9dc9b9ed38e4	1	2026	7000.00	0.00	0.00	0.00	7000.00	2026-02-27 00:37:29.832121-08	2026-02-27 00:36:45.926866-08	2026-02-27 00:37:29.843561-08	Paid
fb7a054b-4732-4cf8-bacb-bb7ca821346e	5140221e-1b91-41f9-bfb2-5b1e825b5e8b	1	2026	8000.00	77.00	0.00	0.00	8077.00	2026-02-27 00:37:49.29015-08	2026-02-27 00:36:45.926831-08	2026-02-27 00:37:49.29048-08	Paid
766463b0-94ea-43c0-b3ca-75c3d73edb5f	efd35e83-fd23-495d-b7fc-e526ff8daa7d	1	2026	9874.00	0.00	0.00	0.00	9874.00	2026-02-27 00:45:31.139513-08	2026-02-27 00:36:45.926868-08	2026-02-27 00:45:31.162702-08	Paid
733fff40-d8ef-433d-a025-c4a1864b1e6c	19eafbe9-33aa-4c2d-b8f8-6e79b5e3c87c	1	2026	9632.00	0.00	0.00	0.00	9632.00	2026-02-27 01:01:50.950645-08	2026-02-27 00:36:45.926867-08	2026-02-27 01:01:51.043839-08	Paid
\.


ALTER TABLE public."Payrolls" ENABLE TRIGGER ALL;

--
-- Data for Name: PerformanceReviews; Type: TABLE DATA; Schema: public; Owner: postgres
--

ALTER TABLE public."PerformanceReviews" DISABLE TRIGGER ALL;

COPY public."PerformanceReviews" ("Id", "EmployeeId", "ReviewerId", "Period", "Rating", "Comments", "ReviewDate", "CreatedAt", "UpdatedAt", "Improvements", "Strengths") FROM stdin;
1b12cae2-09e7-42bd-8cc1-b8ba050aeb88	25996e6b-ea5d-41f5-84b7-7dd0adce4af4	5140221e-1b91-41f9-bfb2-5b1e825b5e8b	Q3 2026	4	Good	2026-03-01 20:24:36.481527-08	2026-03-01 20:24:36.503635-08	2026-03-01 20:24:36.503635-08	Need to improve frontend	Need to improve communication
e40ce8e3-62b0-4092-b362-025b90863a03	25996e6b-ea5d-41f5-84b7-7dd0adce4af4	5140221e-1b91-41f9-bfb2-5b1e825b5e8b	Q4 2026	5	Excellent 	2026-03-01 20:28:09.66871-08	2026-03-01 20:28:09.668992-08	2026-03-01 20:28:09.668992-08	Frontend 	Frontend 
44e5c00d-98e7-4c63-a1e1-f4c3aaf6f8ef	aed25578-5b3b-4f42-9bcd-9dc9b9ed38e4	5140221e-1b91-41f9-bfb2-5b1e825b5e8b	Q3 2026	5	Good	2026-03-01 20:38:49.695419-08	2026-03-01 20:38:49.695618-08	2026-03-01 20:38:49.695618-08	Good	Good
\.


ALTER TABLE public."PerformanceReviews" ENABLE TRIGGER ALL;

--
-- Data for Name: RefreshTokens; Type: TABLE DATA; Schema: public; Owner: postgres
--

ALTER TABLE public."RefreshTokens" DISABLE TRIGGER ALL;

COPY public."RefreshTokens" ("Id", "UserId", "Token", "ExpiresAt", "IsRevoked", "RevokedAt", "CreatedAt", "UpdatedAt") FROM stdin;
23623d79-646b-469e-b6b0-542e003d39d4	948779fb-dbda-4161-aa9c-382974950c4c	Qed09ZZ6coyHzhqtSOoG4bv2tv1AyhC7SSZOTIpi3A8XDhx0vrYPzuaSO9p8JhEUsSKb5xaS+UIPPOjZBRhJjQ==	2026-03-03 03:15:20.995877-08	f	\N	2026-02-24 03:15:21.011893-08	2026-02-24 03:15:21.011893-08
3a656a86-8db0-47a0-a9be-c4c0b0c191f7	948779fb-dbda-4161-aa9c-382974950c4c	vj1qjduLtQ0yhyFNOlEoyIeLkkSVpt3ju+k0jWpCQHZdAgzZWB0ZjrOWVImJmt+uSQRkkZ+IawrdUrna1bBFTQ==	2026-03-03 03:16:14.631573-08	f	\N	2026-02-24 03:16:14.631857-08	2026-02-24 03:16:14.631857-08
e6dd64a4-717b-4e70-9d7c-129f898917b1	d5c6c5bd-1994-414c-b024-2caef4365f99	qVsxkom8GSmY/CkbWrYn9DF5nmfUMPsaEi/AXFxbRMMKouaIrNyQIzOLEpzw6jP0oqrtW2PKl2zqZ+vzZhXcZA==	2026-03-03 03:17:49.523232-08	f	\N	2026-02-24 03:17:49.524146-08	2026-02-24 03:17:49.524147-08
308740e0-cdda-4de1-ada2-76e37301ec15	d5c6c5bd-1994-414c-b024-2caef4365f99	3dOd1vLo2r/kG/wf+KrnMtCMTot+iDO2JfP7FYfk6b/AHvtOTWt8D2JnfpOK/jfCivLcXJlQLKmRm15pr/+dlA==	2026-03-03 03:19:36.684425-08	f	\N	2026-02-24 03:19:36.684874-08	2026-02-24 03:19:36.684874-08
e2845e8c-7255-4048-a89d-5602524b08f4	d5c6c5bd-1994-414c-b024-2caef4365f99	op/wOmqI1LtYSZ7h4FH7Ntayx9f9bFxF0eetmHjCdxehFsVdcobpm6o3DnZpTSlhttEKo1Ut/DV8Gsl3BSSYQQ==	2026-03-03 03:21:21.186819-08	f	\N	2026-02-24 03:21:21.187406-08	2026-02-24 03:21:21.187406-08
bd79221e-7bda-45d4-a6c6-75d053824a64	d5c6c5bd-1994-414c-b024-2caef4365f99	8wUfcYu3bcd0FjulVvQ8iI24sZoy/Al3DTVv0+IRHnlcUO7pQnXlza9acS9nFRLhR+klR8+NVxHeq2kzrhSCOw==	2026-03-03 03:24:13.529688-08	f	\N	2026-02-24 03:24:13.530146-08	2026-02-24 03:24:13.530146-08
73ac156e-678e-4465-abb9-13103edd3dd9	d5c6c5bd-1994-414c-b024-2caef4365f99	bciqpotfXhBRiMZItosijFVGZeKbtTzsvCg7jAZk3YoyXtSKQxmJ9W1F2k27mWTxZcrKZbO01C0MrgiFimA9KA==	2026-03-03 20:45:03.112632-08	f	\N	2026-02-24 20:45:03.257473-08	2026-02-24 20:45:03.257474-08
245f9f19-3cfb-4022-ada8-9ddb225f62c3	d5c6c5bd-1994-414c-b024-2caef4365f99	UywyWBGoFlU/bz2+FspglC0jWv62TC/kijwLukvagbcu025btyeBKeC5l5TzVvX9fJwCNb4kxbc1IitJ2so5/Q==	2026-03-03 21:21:51.78531-08	f	\N	2026-02-24 21:21:51.804841-08	2026-02-24 21:21:51.804842-08
66e06315-752e-4dc1-a960-0c4459bd9f90	d5c6c5bd-1994-414c-b024-2caef4365f99	ALqDFp5TISdaXzu/lWEkhgoGGnu2gDroJd4LpM6akLrkL7O65sdf22aSJtPgppnewuM3Rj94jqZ+oCmnLptzJA==	2026-03-03 22:27:06.773285-08	f	\N	2026-02-24 22:27:06.774266-08	2026-02-24 22:27:06.774267-08
5fd3f7ed-089d-4bf0-b2d6-d139d9ed567e	d5c6c5bd-1994-414c-b024-2caef4365f99	/9ogKknckUdJShM8HpbnmwSqGhBpaln9/40A0rSeL/PqCF8fBcvD+icDMCIFZ/KDv8hRoFX6XUPrkDh3j4pDeQ==	2026-03-04 00:14:43.723552-08	f	\N	2026-02-25 00:14:43.725254-08	2026-02-25 00:14:43.725254-08
2d552ec4-0d31-4814-9a0b-d6509b1560b7	d5c6c5bd-1994-414c-b024-2caef4365f99	yUjeSDBPzb+ERMhF8OXEGNW5ma7H100jNgwlqa4gtIKrDbuee5DPuydvbutX+hPwopowFtqYwbE+QritoLI3hQ==	2026-03-04 00:42:13.25348-08	f	\N	2026-02-25 00:42:13.253931-08	2026-02-25 00:42:13.253931-08
02a3155e-8a4e-45d0-a514-39caee5a6271	d5c6c5bd-1994-414c-b024-2caef4365f99	9HZe/Hfyj7GmENTZY5EVbjteUciJdxB2bw9vb/h7McjggkULd4eSCMTDIWyBZ9jo0rskmlzaIGPsorbwClidXA==	2026-03-04 00:51:22.977894-08	f	\N	2026-02-25 00:51:22.978341-08	2026-02-25 00:51:22.978342-08
93c4a351-1ad8-4089-abc8-d7df66490ed4	d5c6c5bd-1994-414c-b024-2caef4365f99	SWK3SU63YzGq9gYa8fPtFyMEhwZhJhP8tnizOX5YGMWEZ0YBDERPa8Dxr5jTBoLaIkH4f9aQHGwzzlO8RatSNg==	2026-03-04 00:52:38.792183-08	f	\N	2026-02-25 00:52:38.7926-08	2026-02-25 00:52:38.7926-08
0bfe4f02-9ee0-40da-9e44-019bea2de48b	d5c6c5bd-1994-414c-b024-2caef4365f99	D5Hq8Xj9l4j9xU6msOq5E9DdpIkLF/xrZEx5EQYuixiNA26Grr9to8+IEOIzc4qnTxbW5BSXDo551igwSGMvfg==	2026-03-04 01:35:02.889497-08	f	\N	2026-02-25 01:35:02.890024-08	2026-02-25 01:35:02.890024-08
ce4e6f91-0645-401a-b4e3-f9b69c13753c	d5c6c5bd-1994-414c-b024-2caef4365f99	optsjp7U3hkM0d3tZdH5MyyekdcW4UZN0iYuNqllhGFAzLt5Fi0j3OVfsX9sOkdFTkQKbdqTJX6Ob+wxE69EPA==	2026-03-04 20:17:43.830268-08	f	\N	2026-02-25 20:17:43.904541-08	2026-02-25 20:17:43.904542-08
588f569d-30e1-4737-9a46-98a5640d6a7f	d5c6c5bd-1994-414c-b024-2caef4365f99	wppP5p78T3EStJIt8DOz+tK9MhMVXJuF+pEAr1V74PU6KfEzwZZJS3V8q8CZpO1h0cYRrQt5EpV+IpBGARXoXw==	2026-03-04 21:18:49.130036-08	f	\N	2026-02-25 21:18:49.169149-08	2026-02-25 21:18:49.16915-08
57df1327-cef4-4ed0-90a8-43d049feb062	948779fb-dbda-4161-aa9c-382974950c4c	3PgGK+uWlEXkFYe7sgSRseFK0JD+c+IxSxWwrQpkanwkSDcuIHaEaaNLLiedqt9mPKxNpARxsE8NB0N/AQ/arg==	2026-03-04 21:26:08.410574-08	f	\N	2026-02-25 21:26:08.410835-08	2026-02-25 21:26:08.410835-08
4a0f465a-b2a7-4832-8c5a-50c115e8e52a	d5c6c5bd-1994-414c-b024-2caef4365f99	O+gf6l4Q6I3CB3lNkszkySzPPCTDvkjE9mPnKvqg5Hta1J4ketnfqIjfA+2WuYFhOFPHxf98sEOCzYSmteN6nQ==	2026-03-04 22:27:21.254344-08	f	\N	2026-02-25 22:27:21.255199-08	2026-02-25 22:27:21.255199-08
d33bac61-c2c3-4936-8b9f-89f45f40cff0	d5c6c5bd-1994-414c-b024-2caef4365f99	W60PAT5j17XMZQjBtLNrLfKZr3fuX/U+d5spa5P0xWJjYYirY/yCxcGLfcd7gBcGXE5GvCNrcZ6MrZr6xizvWg==	2026-03-04 22:29:31.566536-08	f	\N	2026-02-25 22:29:31.566734-08	2026-02-25 22:29:31.566734-08
155693f8-49c7-4054-a2c5-ff28104ff28c	d5c6c5bd-1994-414c-b024-2caef4365f99	zQ3aF2uJGKulg2aTeArb9x/nTxC5c9xDAIh10njSagUF9lBZOjnPny5yIsUEMcGBMe1L7jMm/bWep5nf3XpoCQ==	2026-03-05 01:01:32.020586-08	f	\N	2026-02-26 01:01:32.144486-08	2026-02-26 01:01:32.144486-08
b34a1290-86f6-46b7-a8c5-ada9a5e0c358	d5c6c5bd-1994-414c-b024-2caef4365f99	2rpF+1qZjqWs/f1yE7gTZqHBgcjbOyNKas2b24K0w/78h4OhgEvYddTCVrj+o6ivBj51z4hPN9mjJsDjC3V/bw==	2026-03-05 01:35:35.199699-08	f	\N	2026-02-26 01:35:35.26097-08	2026-02-26 01:35:35.260971-08
35e9fdb0-5981-465f-967c-83aabd220cf8	38c62336-1cc1-44f9-b92e-d95ce26a2b16	GvK65KkwHC/svLgdGz8nfy0hU0VvbFAqVyIG9j7g6Nsgejdw3Nymlu9kZsqkYZXYbyoqh6D7Kzx6oLqcOwvEzQ==	2026-03-05 01:55:53.643672-08	f	\N	2026-02-26 01:55:53.660369-08	2026-02-26 01:55:53.660369-08
47c45e25-6018-4271-9484-c43fe9257395	d5c6c5bd-1994-414c-b024-2caef4365f99	QiWDqtqcoqXpqbsDhCSruWxrL7fM+TjSAfpBK341iCOtmT1vSipi6I/nqjX/nqc6WhY53kIRMPG3NoWvBC86Yw==	2026-03-05 01:56:19.535292-08	f	\N	2026-02-26 01:56:19.53575-08	2026-02-26 01:56:19.53575-08
0b5cad95-6fd3-4688-a316-38fb047fb364	948779fb-dbda-4161-aa9c-382974950c4c	qEqcDoY2AuUSqsL1BDKwN/3cWV5ps0GYLGkVdE4eNOnrxEfsTc4v55KIYkGI4pi3qOFN4tMXPbD1XETACHisRg==	2026-03-05 01:58:29.902938-08	f	\N	2026-02-26 01:58:29.903283-08	2026-02-26 01:58:29.903283-08
27ba10c1-38d6-462e-b55e-6e40ab4d8d30	38c62336-1cc1-44f9-b92e-d95ce26a2b16	9JvW5VSki1I9tbHBH+om+erUayWUKYcCInFmdf1XIwgqsXJXVsjs/0f6OEXAjTyKGdkPUhPU22F9d8ibsdLExg==	2026-03-05 01:58:49.031633-08	f	\N	2026-02-26 01:58:49.031964-08	2026-02-26 01:58:49.031964-08
7e65e2df-17f6-49dc-b8ae-6442cd8e533f	d5c6c5bd-1994-414c-b024-2caef4365f99	LFmfX0qbberhfgsUly4LF9MwMa9L5HMtY2cx//BnqQm6z12Z2Bd7wDDvid47fbkh+8j6Amk3ECt5FPgmAWcu3w==	2026-03-05 01:59:02.636182-08	f	\N	2026-02-26 01:59:02.63648-08	2026-02-26 01:59:02.63648-08
9bd877b9-884a-42d4-9fd1-c373fe58171f	38c62336-1cc1-44f9-b92e-d95ce26a2b16	H8lsRZnFdV+srbH0rgEtwZqbE+LgpFatSQ206AvBIMQ+fVoYK3DWmtyEmbxl2mABDs98rNvyUiwlJVgXPhmYmg==	2026-03-05 02:18:10.301823-08	f	\N	2026-02-26 02:18:10.361976-08	2026-02-26 02:18:10.361976-08
5679d9de-fb1b-40a2-8d01-dc94057729d4	d5c6c5bd-1994-414c-b024-2caef4365f99	tYxnP4MBVDdwb3Hqk5OQcUP8noZ2nxWAnFEVS2GvJji1HIpNqBI1PY3xXF06GBfHLMr8iXTscrLr2lvF3U+G7Q==	2026-03-05 02:18:44.929952-08	f	\N	2026-02-26 02:18:44.930437-08	2026-02-26 02:18:44.930437-08
a145bbe5-67a8-460f-aa5e-a9bcc1dda7fe	38c62336-1cc1-44f9-b92e-d95ce26a2b16	x9WWhoOPGFkDYiF9PMHA6lZKLnGDgFJF+VGKnqjBVai251NTtHaKWAoe9++WxXFBwKclzEhAEvKvlQPHCEg/jw==	2026-03-05 02:23:09.377229-08	f	\N	2026-02-26 02:23:09.377473-08	2026-02-26 02:23:09.377473-08
252c0fba-1171-42ed-bc4f-d849319efdea	d5c6c5bd-1994-414c-b024-2caef4365f99	gvgkxuoFI4gRne65i48YjomtoBX21er1iYiGwAXvCYufyMZNGTF/FNgqa7Eq4eBG0fefRe3Jda+QMRJI+oAEpw==	2026-03-05 02:28:26.703174-08	f	\N	2026-02-26 02:28:26.703337-08	2026-02-26 02:28:26.703338-08
1d451138-3306-4ff5-95d8-746f585f412e	d5c6c5bd-1994-414c-b024-2caef4365f99	0WQA4AieTNgDuE+vdE85qB8+FEEgtIwABvrQsIlFOxWarSUcF2BUxve/QwkC8/Q6zkcCS6gXIuBOgGtE5+p2HA==	2026-03-05 03:32:00.483358-08	f	\N	2026-02-26 03:32:00.483791-08	2026-02-26 03:32:00.483792-08
e5b0a85e-01b1-4cbb-9ab5-4c84812ec153	d5c6c5bd-1994-414c-b024-2caef4365f99	elxRwaXjWtqzRSIIchr18BCtUXAZeYlIoOw8fN8nsGvDR6orvZwCU2UbKrMVBAaRkXU+9aVb3U6cHRDmB5iV1g==	2026-03-05 20:48:56.659863-08	f	\N	2026-02-26 20:48:56.728248-08	2026-02-26 20:48:56.728248-08
b91dbdab-5c37-4b0a-900e-0f85701a0c20	d5c6c5bd-1994-414c-b024-2caef4365f99	zLbzSIszQjAHIxrew2GDCXxV/dDkT5XkxojezHu5/9/8mxUFMsbfbB5ZrWD197E4ttWyRcwXVegg4x/Qc2IVsw==	2026-03-05 21:54:30.799281-08	f	\N	2026-02-26 21:54:30.857216-08	2026-02-26 21:54:30.857216-08
eddcf7fb-8754-48e3-b500-851f3c7c1065	38c62336-1cc1-44f9-b92e-d95ce26a2b16	6zxRqHZML3RomKYRCqXPoeyTBkdIpJK1q95EI6IjOkauHIUXw/+W6SG6HhPKIMFuVfz+6JpJNRjDKAefe0KN0Q==	2026-03-05 22:14:00.469242-08	f	\N	2026-02-26 22:14:00.527024-08	2026-02-26 22:14:00.527024-08
09be1e11-d4a7-4d40-be06-a3f47686c892	d5c6c5bd-1994-414c-b024-2caef4365f99	ejekpMxDTk8ieUJEWs66QP2hJ5+8XFrFARqBNmY/2p77aEBg/KXoXNzTCxTEIq05SePguRsFbg12DEnFIzoS9w==	2026-03-06 00:33:42.302982-08	f	\N	2026-02-27 00:33:42.379495-08	2026-02-27 00:33:42.379496-08
a0b79e4c-7558-4926-be0e-2f599f57ca97	d5c6c5bd-1994-414c-b024-2caef4365f99	+/72ii0HTzmMkT/pChNPSayf8+wTqTu2g1m77C8u85lfudQBOEJjvyC2ZcgsrePEu9lWmyPYVRRCu2vdi5SAHw==	2026-03-06 00:45:18.135242-08	f	\N	2026-02-27 00:45:18.262963-08	2026-02-27 00:45:18.262963-08
2eda7199-c451-4144-9d8d-4e004316bf60	d5c6c5bd-1994-414c-b024-2caef4365f99	omt/RSA2uQ73LJZBsGXdpVVZcbLzGzFQidy5g95NZQhYg782eDTGpyvH0omP64+9a53Txyn7CcKJaeBAlQ3NYw==	2026-03-06 01:45:26.234164-08	f	\N	2026-02-27 01:45:26.275495-08	2026-02-27 01:45:26.275496-08
657db922-9aa5-459f-8a46-f3fb13076639	d5c6c5bd-1994-414c-b024-2caef4365f99	typv0yCf82RLqZQmw/zB+dx05yMsMil1So7dEW8CdlWnux/sHzHkV1AtvmvTi10Tvw4S9g7r/WleZeXJj9ikGA==	2026-03-08 21:22:54.377572-07	f	\N	2026-03-01 20:22:54.44813-08	2026-03-01 20:22:54.44813-08
54e9a39d-ee68-408e-928f-9ed4f0aa0da5	d5c6c5bd-1994-414c-b024-2caef4365f99	oZoiUoDCuIoZqkCYXSBhhZo0N2hlRXR2blSqIsTa+1wDq1R69x4+bgcBOxnz0Wx2MxkoTBItC8FxluhaJpwmLw==	2026-03-08 22:27:34.40364-07	f	\N	2026-03-01 21:27:34.48143-08	2026-03-01 21:27:34.48143-08
29370883-da5d-4bc8-89b6-a76c404afe6c	d5c6c5bd-1994-414c-b024-2caef4365f99	lt1IKAutZXTJNOzjs1o0ma7FHnkRENzrbzwJwMWzx0D1iQN9okk/nWoFvOd5pqLDXO5SJm0oQED2L+uYyOCP4w==	2026-03-09 00:17:32.283566-07	f	\N	2026-03-01 23:17:32.285648-08	2026-03-01 23:17:32.285649-08
1ab57fa1-420f-49c3-8435-02367b0aafea	d5c6c5bd-1994-414c-b024-2caef4365f99	4ee+SlOxgbDrg9pDNGWrUNTKc7CWvpnI3cHUhobVbxcRj3feGCw8pLIV2h7I5Lx1hU4On+pfF1LwqTAi/+W7Nw==	2026-03-09 02:21:24.133255-07	f	\N	2026-03-02 01:21:24.134428-08	2026-03-02 01:21:24.134428-08
7fa0f78a-a355-418e-b25e-057ac563f948	d5c6c5bd-1994-414c-b024-2caef4365f99	NJAUD1t0ssDQgcns4df6gRm4lG4t1Wt15p/O8FL3vE7EFisy/qU09J4Lrul2uTpUFsXz4OeyJ9i7+CeZwU6I8g==	2026-03-09 03:54:09.733728-07	f	\N	2026-03-02 02:54:09.735379-08	2026-03-02 02:54:09.73538-08
c174d670-c873-40f7-8b7c-158ad640eb45	d5c6c5bd-1994-414c-b024-2caef4365f99	xk/NHpUfvvX2+v4G6I9GCVZT8rpmTFD52H8pVHw6Mgpsh+si1KXV3pYkc3KQBMv/WjYXTMBN9XqYUoHWBQ7V1A==	2026-03-09 21:10:58.079169-07	f	\N	2026-03-02 20:10:58.191956-08	2026-03-02 20:10:58.191956-08
0fcc681b-88b1-493c-93eb-5c357b806762	d5c6c5bd-1994-414c-b024-2caef4365f99	VR6mzxg8aJJrl+6+mIgZwOZV2ouC3fp7W3907LX7OOgpyotPAroZEex69Olf5VMCE2kSbYHHbu1JmH0kKn7iAQ==	2026-03-09 22:34:55.931481-07	f	\N	2026-03-02 21:34:55.933338-08	2026-03-02 21:34:55.933338-08
0c149ddb-06e0-4c2a-9bd0-0853d33ac2a5	d5c6c5bd-1994-414c-b024-2caef4365f99	FQquNMSl9Xh+2dkj8QilpBhz2oxJzDrRIsQ3PgRo3URx+uBOvxRs98f9XD9u6uktaA7Gy4G4Rrp0WUbFzK8Yzw==	2026-03-09 23:54:00.619984-07	f	\N	2026-03-02 22:54:00.621315-08	2026-03-02 22:54:00.621316-08
bfd53b33-cfcd-46fb-9ddc-4395767dc7e5	d5c6c5bd-1994-414c-b024-2caef4365f99	VpXjywU3/JmraNRQF70+n1/JwOa83DobjkTIhBpatMmxEsPgfM2qQu4GFnQH05Tk9k3Fuva8gXqRZN5Etq8g5Q==	2026-03-10 01:34:38.232381-07	f	\N	2026-03-03 00:34:38.234108-08	2026-03-03 00:34:38.234108-08
\.


ALTER TABLE public."RefreshTokens" ENABLE TRIGGER ALL;

--
-- Data for Name: __EFMigrationsHistory; Type: TABLE DATA; Schema: public; Owner: postgres
--

ALTER TABLE public."__EFMigrationsHistory" DISABLE TRIGGER ALL;

COPY public."__EFMigrationsHistory" ("MigrationId", "ProductVersion") FROM stdin;
20260224101457_InitialCreate	8.0.0
20260224105340_AddRefreshTokensAndPasswordReset	8.0.0
20260226065940_AddAttendanceLeaveChanges	8.0.0
20260226092014_AddLeaveRejectionReason	8.0.0
20260227044310_AddBreakToAttendance	8.0.0
20260227055041_AddMultipleBreaksSupport	8.0.0
20260227060743_AddLeavePhoneFields	8.0.0
20260227082137_AddPayrollStatus	8.0.0
20260227093115_AddRecruitmentPipelineFields	8.0.0
20260227100312_AddPerformanceReviewFields	8.0.0
20260302050543_AddAssetReturnDate	8.0.0
20260303083924_AddTrainingModuleFields	8.0.0
\.


ALTER TABLE public."__EFMigrationsHistory" ENABLE TRIGGER ALL;

--
-- PostgreSQL database dump complete
--

\unrestrict Ey7aQdVgLFJzLbA5lzz7IAWq2FJr83Eh2FJj89xdDw1xBKsShW16l4HUtv9npcW

